res_num,chain,residue_name,distance,pp,pp_normalised,qs,qs_test_set
1,A,MET1 A,26.1336296369,0.0187051507,0.0001881774,0.2352941176,0.54
2,A,THR2 A,24.653287874,0.0351588096,0.0003537044,0.4117647059,0.67
3,A,GLU3 A,21.164098398,0.0748752596,0.0007532596,0.4705882353,0.77
4,A,TYR4 A,18.462152881,0.3039817125,0.003058115,1.0,0.96
5,A,LYS5 A,17.0331993765,0.2140360979,0.0021532447,0.8235294118,0.9
6,A,LEU6 A,13.3884873679,0.4392948446,0.0044193913,0.8823529412,0.94
7,A,VAL7 A,10.9516474103,0.4994546174,0.0050246103,0.7647058824,0.93
8,A,VAL8 A,6.4410002329,2.0051611066,0.0201723096,1.0,0.99
9,A,VAL9 A,7.2275033725,0.6033792814,0.0060701126,0.5882352941,0.89
10,A,GLY10 A,4.7850836983,0.1144736049,0.0011516267,0.1176470588,0.26
11,A,ALA11 A,3.9111465071,0.3793745115,0.0038165812,0.2352941176,0.66
12,A,GLY12 A,2.4905352838,0.0653746012,0.0006576812,0.0588235294,0.05
13,A,GLY13 A,1.9489448427,0.987524248,0.0099346855,0.5294117647,0.88
14,A,VAL14 A,2.7953262779,1.7732987429,0.0178397293,0.8235294118,0.97
15,A,GLY15 A,2.2046918152,0.7432194682,0.007476932,0.4117647059,0.81
16,A,LYS16 A,1.8184204684,2.1743399702,0.0218742818,0.8235294118,0.98
17,A,SER17 A,2.0994096789,5.5965700718,0.0563025804,1.0,0.99
18,A,ALA18 A,1.9946914548,0.5694588035,0.005728866,0.2352941176,0.72
19,A,LEU19 A,4.4874313365,1.8260419421,0.0183703361,0.9411764706,0.98
20,A,THR20 A,6.2408572328,1.6077689162,0.0161744671,0.9411764706,0.98
21,A,ILE21 A,5.7387827106,1.5437348351,0.0155302719,0.9411764706,0.98
22,A,GLN22 A,7.3110308439,1.1323730169,0.0113918922,0.8823529412,0.97
23,A,LEU23 A,10.0104574821,0.7934652546,0.0079824144,0.9411764706,0.97
24,A,ILE24 A,11.4425106511,0.8034084295,0.0080824446,0.9411764706,0.98
25,A,GLN25 A,11.6738670114,0.444790078,0.0044746745,0.7647058824,0.92
26,A,ASN26 A,12.0471837788,0.0678950808,0.0006830377,0.1764705882,0.4
27,A,HIS27 A,8.2464552991,0.2111096753,0.0021238043,0.2352941176,0.63
28,A,PHE28 A,2.8081403099,1.4450113639,0.0145370946,0.7058823529,0.96
29,A,VAL29 A,1.8477177815,0.6825914048,0.0068670019,0.3529411765,0.77
30,A,ASP30 A,1.9919447784,0.1115659036,0.0011223746,0.1176470588,0.11
31,A,GLU31 A,2.7268160921,0.1904904978,0.0019163714,0.1176470588,0.34
32,A,TYR32 A,2.6617178663,0.545315004,0.0054859747,0.2941176471,0.73
33,A,ASP33 A,3.9362585027,0.030280372,0.0003046264,0.0588235294,0.03
34,A,PRO34 A,2.6579287048,0.6260301024,0.0062979843,0.3529411765,0.78
35,A,THR35 A,2.063666882,5.5658879258,0.0559939121,1.0,0.99
36,A,ILE36 A,5.672226547,0.7833626568,0.0078807803,0.6470588235,0.91
37,A,GLU37 A,7.3066384884,0.3179055084,0.0031981911,0.2941176471,0.73
38,A,ASP38 A,7.3476571776,0.9056237133,0.0091107502,0.8235294118,0.95
39,A,SER39 A,11.3294559004,0.0,0.0,0.0,0.0
40,A,TYR40 A,8.17186576,0.6995539,0.0070376479,0.7058823529,0.93
41,A,ARG41 A,15.7965333539,0.095022412,0.0009559439,0.2941176471,0.66
42,A,LYS42 A,16.6912254194,0.3890273718,0.0039136908,1.0,0.96
43,A,GLN43 A,20.9493144757,0.0168692229,0.0001697077,0.1764705882,0.33
44,A,VAL44 A,18.8007121142,0.1031344139,0.0010375522,0.4705882353,0.78
45,A,VAL45 A,22.5548750606,0.0063899607,6.42842e-05,0.0588235294,0.18
46,A,ILE46 A,19.9445224811,0.2278408344,0.002292123,0.9411764706,0.95
47,A,ASP47 A,23.5323327573,0.0940107232,0.0009457661,0.8235294118,0.87
48,A,GLY48 A,26.154125124,0.0,0.0,0.0,0.0
49,A,GLU49 A,26.0790929865,0.0907845922,0.0009133106,0.9411764706,0.91
50,A,THR50 A,26.5648605869,0.0162723579,0.0001637031,0.1764705882,0.52
51,A,CYS51 A,23.1067933085,0.0995862206,0.0010018567,0.8235294118,0.88
52,A,LEU52 A,20.6750685368,0.1182449081,0.0011895667,0.7647058824,0.86
53,A,LEU53 A,16.6439893655,0.2039853448,0.0020521321,0.7058823529,0.88
54,A,ASP54 A,15.4378623196,0.1753871517,0.0017644288,0.5294117647,0.82
55,A,ILE55 A,10.4224877549,0.6888271979,0.0069297352,0.8823529412,0.96
56,A,LEU56 A,9.561995503,0.9581194988,0.009638868,0.9411764706,0.97
57,A,ASP57 A,4.6912562283,0.8499598586,0.008550761,0.5882352941,0.91
58,A,THR58 A,4.1906069966,1.0834927393,0.0109001471,0.7058823529,0.94
59,A,ALA59 A,3.748152078,0.2782604951,0.0027993546,0.1764705882,0.54
60,A,GLY60 A,2.0833218666,0.2486189401,0.0025011548,0.1176470588,0.42
61,A,GLN61 A,3.4592012084,2.7477244586,0.027642641,0.9411764706,0.99
62,A,GLU62 A,7.5664243867,0.1812026926,0.0018229342,0.1764705882,0.55
63,A,GLU63 A,8.6931707104,0.0575171936,0.0005786341,0.1176470588,0.21
64,A,TYR64 A,7.0249933096,1.2508303279,0.0125835957,0.9411764706,0.98
65,A,SER65 A,10.0835329622,0.1467903045,0.0014767389,0.2352941176,0.58
66,A,ALA66 A,12.5512256772,0.016908232,0.0001701001,0.0588235294,0.1
67,A,MET67 A,10.59486654,0.6729663367,0.0067701719,0.8823529412,0.96
68,A,ARG68 A,8.0099573657,0.7854331049,0.0079016094,0.7647058824,0.95
69,A,ASP69 A,14.8069114268,0.276278254,0.0027794128,0.7647058824,0.9
70,A,GLN70 A,15.5593694924,0.0856975081,0.0008621336,0.2352941176,0.62
71,A,TYR71 A,8.5652605331,0.7025120954,0.0070674079,0.7647058824,0.94
72,A,MET72 A,12.0167370363,0.7600267354,0.0076460164,0.9411764706,0.98
73,A,ARG73 A,17.4291115953,0.1508667256,0.0015177485,0.5882352941,0.83
74,A,THR74 A,17.5909656642,0.0808166482,0.0008130312,0.3529411765,0.67
75,A,GLY75 A,16.6171769564,0.1653763529,0.0016637182,0.5882352941,0.84
76,A,GLU76 A,18.3712274222,0.1613360447,0.0016230719,0.7058823529,0.87
77,A,GLY77 A,15.2996111715,0.0902519174,0.0009079518,0.2941176471,0.63
78,A,PHE78 A,13.118399102,0.3942908867,0.0039666428,0.8235294118,0.93
79,A,LEU79 A,9.4787117796,0.6937614028,0.0069793743,0.8235294118,0.95
80,A,CYS80 A,9.8409512243,0.3022439153,0.0030406324,0.4705882353,0.8
81,A,VAL81 A,5.8140156519,1.0099431018,0.0101602235,0.7058823529,0.95
82,A,PHE82 A,7.5968271008,0.6177894535,0.0062150817,0.6470588235,0.9
83,A,ALA83 A,6.6632410282,0.4193750859,0.0042189947,0.4117647059,0.79
84,A,ILE84 A,7.2502944078,0.6265964623,0.0063036819,0.5882352941,0.9
85,A,ASN85 A,6.5145644521,0.0428617271,0.0004311973,0.0588235294,0.09
86,A,ASN86 A,7.640100392,0.0822736153,0.0008276885,0.1176470588,0.28
87,A,THR87 A,13.1598809265,0.1447147838,0.0014558588,0.2941176471,0.7
88,A,LYS88 A,12.0458069468,0.117936889,0.001186468,0.2352941176,0.59
89,A,SER89 A,7.9875984501,0.1205051461,0.0012123051,0.1764705882,0.42
90,A,PHE90 A,11.5999999138,0.2231349104,0.0022447805,0.4117647059,0.77
91,A,GLU91 A,13.8834392353,0.07732424,0.0007778969,0.1764705882,0.52
92,A,ASP92 A,10.1116186637,0.2476177855,0.0024910829,0.3529411765,0.75
93,A,ILE93 A,10.0410504431,0.2515410073,0.0025305513,0.4117647059,0.75
94,A,HIS94 A,14.9347162343,0.1447515685,0.0014562289,0.4117647059,0.75
95,A,GLN95 A,13.3156915329,0.057348675,0.0005769388,0.1764705882,0.4
96,A,TYR96 A,6.1771877906,0.4853791233,0.0048830081,0.4705882353,0.81
97,A,ARG97 A,14.6930253862,0.2902492178,0.0029199634,0.7647058824,0.9
98,A,GLU98 A,16.7714738172,0.1543944165,0.0015532378,0.5882352941,0.82
99,A,GLN99 A,14.0627351536,0.4045096063,0.0040694451,0.8823529412,0.94
100,A,ILE100 A,13.437231188,0.3212318591,0.0032316548,0.7058823529,0.9
101,A,LYS101 A,18.7351136639,0.1227354823,0.0012347428,0.5882352941,0.82
102,A,ARG102 A,17.3849017829,0.0159280877,0.0001602397,0.0588235294,0.21
103,A,VAL103 A,17.6105769923,0.1727816396,0.0017382168,0.7058823529,0.87
104,A,LYS104 A,18.9878348687,0.1515951095,0.0015250762,0.7647058824,0.87
105,A,ASP105 A,23.0685163372,0.0080807004,8.12934e-05,0.0588235294,0.23
106,A,SER106 A,23.307970375,0.0593889659,0.0005974645,0.5294117647,0.77
107,A,ASP107 A,24.2253473453,0.1263556257,0.0012711621,1.0,0.93
108,A,ASP108 A,23.6221624328,0.0591796579,0.0005953588,0.5882352941,0.78
109,A,VAL109 A,19.0199186118,0.1335214692,0.0013432519,0.6470588235,0.85
110,A,PRO110 A,17.9060742208,0.1604392505,0.00161405,0.7058823529,0.86
111,A,MET111 A,16.0014240304,0.1295887934,0.0013036884,0.4117647059,0.76
112,A,VAL112 A,13.428884317,0.3567613196,0.0035890881,0.8235294118,0.92
113,A,LEU113 A,12.6934695021,0.3057211964,0.0030756145,0.6470588235,0.87
114,A,VAL114 A,8.1473637454,0.5247163663,0.0052787484,0.5882352941,0.89
115,A,GLY115 A,7.292920197,0.4403313029,0.0044298183,0.4705882353,0.82
116,A,ASN116 A,2.4530589068,2.0363505571,0.0204860816,0.8235294118,0.98
117,A,LYS117 A,2.5712395843,1.665179213,0.0167520259,0.7647058824,0.97
118,A,CYS118 A,4.5465156989,0.9655740159,0.0097138619,0.6470588235,0.92
119,A,ASP119 A,1.9441381124,0.8804319965,0.0088573167,0.4705882353,0.85
120,A,LEU120 A,2.6401844633,0.5573418163,0.0056069668,0.2941176471,0.74
121,A,ALA121 A,7.1481898408,0.0417126337,0.0004196372,0.0588235294,0.1
122,A,ALA122 A,8.2785293984,0.0341867628,0.0003439255,0.0588235294,0.1
123,A,ARG123 A,10.439286853,0.4442165533,0.0044689047,0.6470588235,0.9
124,A,THR124 A,12.3204217866,0.187394006,0.00188522,0.4117647059,0.74
125,A,VAL125 A,12.6705805313,0.2274594686,0.0022882864,0.5294117647,0.81
126,A,GLU126 A,15.151933375,0.0626549843,0.0006303213,0.1764705882,0.5
127,A,SER127 A,14.6330723363,0.0661328832,0.0006653096,0.1764705882,0.5
128,A,ARG128 A,17.8101872253,0.0256336041,0.000257879,0.1176470588,0.33
129,A,GLN129 A,17.4919024123,0.0715873085,0.0007201822,0.2941176471,0.63
130,A,ALA130 A,14.5838708168,0.1208688736,0.0012159643,0.3529411765,0.69
131,A,GLN131 A,17.3209235608,0.1161064885,0.0011680538,0.4705882353,0.77
132,A,ASP132 A,20.0222666549,0.0443761955,0.0004464331,0.2352941176,0.58
133,A,LEU133 A,15.8287801488,0.1538515341,0.0015477763,0.5294117647,0.8
134,A,ALA134 A,17.6908598152,0.10351145,0.0010413453,0.4117647059,0.75
135,A,ARG135 A,21.2640700243,0.0479014899,0.0004818983,0.3529411765,0.65
136,A,SER136 A,21.3637078711,0.0456689972,0.000459439,0.2941176471,0.64
137,A,TYR137 A,16.4526468691,0.4002924234,0.0040270194,1.0,0.96
138,A,GLY138 A,22.7280085137,0.0115022392,0.0001157148,0.1176470588,0.29
139,A,ILE139 A,16.7736174095,0.1010229241,0.0010163102,0.3529411765,0.71
140,A,PRO140 A,16.7903787331,0.1344546429,0.0013526398,0.4705882353,0.79
141,A,TYR141 A,11.6574134781,0.1654976608,0.0016649386,0.2941176471,0.68
142,A,ILE142 A,10.592677754,0.4114828133,0.0041395969,0.6470588235,0.89
143,A,GLU143 A,8.4353485998,0.4810343918,0.0048392993,0.5294117647,0.87
144,A,THR144 A,4.6162168493,1.2197324831,0.0122707454,0.7058823529,0.96
145,A,SER145 A,2.7159392482,0.9079725558,0.00913438,0.5294117647,0.88
146,A,ALA146 A,2.213369829,1.2554939802,0.012630513,0.5882352941,0.93
147,A,LYS147 A,2.8129758264,1.065160009,0.0107157163,0.5294117647,0.91
148,A,THR148 A,5.0546458827,0.6486769494,0.0065258159,0.5294117647,0.86
149,A,ARG149 A,6.1699365475,0.4453032452,0.004479837,0.4117647059,0.79
150,A,GLN150 A,7.2765256132,0.4950045821,0.0049798421,0.5294117647,0.85
151,A,GLY151 A,9.5031960939,0.115238457,0.0011593212,0.1764705882,0.47
152,A,VAL152 A,6.6175522665,0.4232558141,0.0042580356,0.4117647059,0.79
153,A,GLU153 A,11.3546790796,0.3393435459,0.0034138619,0.5882352941,0.87
154,A,ASP154 A,12.6659013892,0.1567928711,0.0015773667,0.3529411765,0.7
155,A,ALA155 A,10.6782557096,0.2863070367,0.0028803043,0.4705882353,0.81
156,A,PHE156 A,9.5058679772,0.8092262854,0.0081409734,0.8823529412,0.96
157,A,TYR157 A,15.3605539939,0.3282604596,0.0033023639,0.8823529412,0.93
158,A,THR158 A,16.0356943099,0.2798927191,0.002815775,0.8235294118,0.92
159,A,LEU159 A,14.2684835915,0.2786131619,0.0028029024,0.7058823529,0.89
160,A,VAL160 A,18.6983992363,0.2113627794,0.0021263506,0.8823529412,0.92
161,A,ARG161 A,18.8299214019,0.1397566427,0.0014059789,0.6470588235,0.85
162,A,GLU162 A,19.8687368748,0.111784504,0.0011245738,0.6470588235,0.83
163,A,ILE163 A,18.7593034519,0.1600236867,0.0016098693,0.8235294118,0.88
164,A,ARG164 A,23.9840593311,0.1203340365,0.0012105837,0.9411764706,0.92
165,A,GLN165 A,24.0230621487,0.0093826029,9.43908e-05,0.1176470588,0.29
166,A,HIS166 A,23.5020889497,0.0281537377,0.0002832321,0.2352941176,0.57
528,A,GNP528 A,0.0,0.0,0.0,0.0,0.0
168,A,MG168 A,2.0336393486,11.2399713219,0.1130762916,1.0,0.99
169,A,CA169 A,22.6891556917,0.4035428499,0.0040597193,1.0,0.99
719,A,ACT719 A,19.5943885335,0.1222554649,0.0012299137,0.6470588235,0.84
172,A,HOH172 A,1.8469556031,2.132454133,0.0214529022,0.8235294118,0.98
173,A,HOH173 A,2.8993207825,0.083713325,0.0008421723,0.1176470588,0.09
175,A,HOH175 A,2.0036601508,2.9304906415,0.0294813042,0.9411764706,0.99
176,A,HOH176 A,7.2989202626,0.0054238552,5.4565e-05,0.0588235294,0.01
189,A,HOH189 A,1.9060970594,0.7146074586,0.0071890896,0.3529411765,0.79
366,A,HOH366 A,25.0031290442,0.0482821488,0.0004857278,0.5294117647,0.77
367,A,HOH367 A,6.088464749,0.3136197372,0.0031550754,0.2352941176,0.68
372,A,HOH372 A,6.2604368058,0.3152795055,0.003171773,0.2941176471,0.69
373,A,HOH373 A,6.8483692219,0.2392922803,0.0024073268,0.2352941176,0.62
384,A,HOH384 A,12.6113780373,0.178635697,0.0017971098,0.4117647059,0.74
391,A,HOH391 A,14.5415405305,0.2258810104,0.0022724068,0.5882352941,0.85
392,A,HOH392 A,23.5995838946,0.0045570466,4.58448e-05,0.0588235294,0.16
